from,to,approx,actual,diff,ratio
円覚寺,明月院,10.1,11.1,-1.0,0.91
円覚寺,建長寺,22.5,21.1,1.4,1.07
円覚寺,東慶寺,6.2,5.1,1.1,1.22
円覚寺,浄智寺,11.0,9.8,1.2,1.12
円覚寺,鶴岡八幡宮,33.8,32.3,1.5,1.05
円覚寺,小町通り,40.8,31.5,9.3,1.3
円覚寺,鎌倉国宝館,33.4,33.0,0.4,1.01
円覚寺,源頼朝の墓,37.4,42.3,-4.9,0.88
円覚寺,宝戒寺,42.0,35.7,6.3,1.18
円覚寺,報国寺,58.8,52.5,6.3,1.12
円覚寺,杉本寺,51.7,48.0,3.7,1.08
円覚寺,浄妙寺,56.2,53.9,2.3,1.04
円覚寺,瑞泉寺,57.5,53.4,4.1,1.08
円覚寺,高徳院,55.1,48.1,7.0,1.15
円覚寺,長谷寺,66.0,52.1,13.9,1.27
円覚寺,御霊神社,69.1,53.2,15.9,1.3
円覚寺,鎌倉文学館,55.4,48.3,7.1,1.15
円覚寺,光則寺,64.9,51.7,13.2,1.26
円覚寺,極楽寺,75.9,62.7,13.2,1.21
円覚寺,成就院,74.4,57.5,16.9,1.29
円覚寺,稲村ヶ崎,92.8,65.8,27.0,1.41
円覚寺,七里ヶ浜,102.1,81.0,21.1,1.26
円覚寺,鎌倉高校前駅,115.6,90.1,25.5,1.28
円覚寺,銭洗弁財天宇賀福神社,30.3,24.7,5.6,1.23
円覚寺,佐助稲荷神社,35.6,29.8,5.8,1.19
円覚寺,寿福寺,32.1,24.7,7.4,1.3
円覚寺,葛原岡神社,23.3,19.2,4.1,1.21
円覚寺,妙本寺,51.7,42.7,9.0,1.21
円覚寺,安国論寺,65.6,49.6,16.0,1.32
円覚寺,光明寺,81.7,59.6,22.1,1.37
円覚寺,由比ヶ浜,68.1,49.3,18.8,1.38
円覚寺,荏柄天神社,42.4,44.7,-2.3,0.95
円覚寺,半僧坊,22.3,24.6,-2.3,0.91
明月院,建長寺,12.6,21.8,-9.2,0.58
明月院,東慶寺,10.1,10.4,-0.3,0.97
明月院,浄智寺,10.9,9.0,1.9,1.21
明月院,鶴岡八幡宮,24.3,31.6,-7.3,0.77
明月院,小町通り,33.0,30.7,2.3,1.08
明月院,鎌倉国宝館,23.8,32.3,-8.5,0.74
明月院,源頼朝の墓,27.3,37.3,-10.0,0.73
明月院,宝戒寺,32.4,34.9,-2.5,0.93
明月院,報国寺,48.7,51.4,-2.7,0.95
明月院,杉本寺,41.6,46.9,-5.3,0.89
明月院,浄妙寺,46.2,52.8,-6.6,0.87
明月院,瑞泉寺,48.0,45.9,2.1,1.05
明月院,高徳院,52.6,47.3,5.3,1.11
明月院,長谷寺,63.4,51.3,12.1,1.24
明月院,御霊神社,66.4,52.5,13.9,1.26
明月院,鎌倉文学館,51.7,47.5,4.2,1.09
明月院,光則寺,62.7,50.9,11.8,1.23
明月院,極楽寺,73.9,59.9,14.0,1.23
明月院,成就院,71.7,56.7,15.0,1.27
明月院,稲村ヶ崎,89.7,65.0,24.7,1.38
明月院,七里ヶ浜,101.7,80.2,21.5,1.27
明月院,鎌倉高校前駅,117.3,89.0,28.3,1.32
明月院,銭洗弁財天宇賀福神社,27.9,24.0,3.9,1.16
明月院,佐助稲荷神社,34.1,29.0,5.1,1.18
明月院,寿福寺,24.9,23.9,1.0,1.04
明月院,葛原岡神社,22.0,18.4,3.6,1.19
明月院,妙本寺,42.8,41.9,0.9,1.02
明月院,安国論寺,56.8,48.9,7.9,1.16
明月院,光明寺,73.9,58.8,15.1,1.26
明月院,由比ヶ浜,62.9,48.5,14.4,1.3
明月院,荏柄天神社,32.3,40.7,-8.4,0.79
明月院,半僧坊,13.5,17.0,-3.5,0.8
建長寺,東慶寺,22.4,16.9,5.5,1.33
建長寺,浄智寺,21.6,17.4,4.2,1.24
建長寺,鶴岡八幡宮,17.2,16.8,0.4,1.02
建長寺,小町通り,29.2,25.1,4.1,1.17
建長寺,鎌倉国宝館,16.3,16.6,-0.3,0.98
建長寺,源頼朝の墓,16.2,15.6,0.6,1.04
建長寺,宝戒寺,24.2,20.6,3.6,1.17
建長寺,報国寺,37.1,29.7,7.4,1.25
建長寺,杉本寺,29.7,25.2,4.5,1.18
建長寺,浄妙寺,33.7,31.1,2.6,1.08
建長寺,瑞泉寺,35.5,33.2,2.3,1.07
建長寺,高徳院,55.8,48.9,6.9,1.14
建長寺,長谷寺,66.0,53.5,12.5,1.23
建長寺,御霊神社,68.8,56.6,12.2,1.22
建長寺,鎌倉文学館,53.3,47.9,5.4,1.11
建長寺,光則寺,65.9,53.9,12.0,1.22
建長寺,極楽寺,76.8,61.2,15.6,1.26
建長寺,成就院,74.0,58.0,16.0,1.28
建長寺,稲村ヶ崎,90.9,65.4,25.5,1.39
建長寺,七里ヶ浜,106.2,80.7,25.5,1.32
建長寺,鎌倉高校前駅,123.8,95.9,27.9,1.29
建長寺,銭洗弁財天宇賀福神社,33.0,27.7,5.3,1.19
建長寺,佐助稲荷神社,39.6,32.9,6.7,1.2
建長寺,寿福寺,23.7,21.1,2.6,1.12
建長寺,葛原岡神社,29.2,28.3,0.9,1.03
建長寺,妙本寺,35.7,30.5,5.2,1.17
建長寺,安国論寺,49.4,39.1,10.3,1.26
建長寺,光明寺,68.1,52.8,15.3,1.29
建長寺,由比ヶ浜,61.8,44.6,17.2,1.39
建長寺,荏柄天神社,20.3,19.0,1.3,1.07
建長寺,半僧坊,5.3,4.9,0.4,1.07
東慶寺,浄智寺,5.0,4.9,0.1,1.03
東慶寺,鶴岡八幡宮,30.6,27.4,3.2,1.12
東慶寺,小町通り,36.1,26.6,9.5,1.36
東慶寺,鎌倉国宝館,30.4,28.1,2.3,1.08
東慶寺,源頼朝の墓,35.6,37.4,-1.8,0.95
東慶寺,宝戒寺,38.7,30.8,7.9,1.26
東慶寺,報国寺,56.9,47.5,9.4,1.2
東慶寺,杉本寺,50.2,43.1,7.1,1.16
東慶寺,浄妙寺,55.4,49.0,6.4,1.13
東慶寺,瑞泉寺,57.9,52.7,5.2,1.1
東慶寺,高徳院,48.9,43.2,5.7,1.13
東慶寺,長谷寺,59.8,47.2,12.6,1.27
東慶寺,御霊神社,62.9,48.3,14.6,1.3
東慶寺,鎌倉文学館,49.3,43.4,5.9,1.14
東慶寺,光則寺,58.7,46.8,11.9,1.25
東慶寺,極楽寺,69.7,55.8,13.9,1.25
東慶寺,成就院,68.2,52.6,15.6,1.3
東慶寺,稲村ヶ崎,86.6,60.8,25.8,1.42
東慶寺,七里ヶ浜,96.0,76.1,19.9,1.26
東慶寺,鎌倉高校前駅,110.0,84.8,25.2,1.3
東慶寺,銭洗弁財天宇賀福神社,24.2,19.8,4.4,1.22
東慶寺,佐助稲荷神社,29.4,24.9,4.5,1.18
東慶寺,寿福寺,27.2,19.8,7.4,1.37
東慶寺,葛原岡神社,17.1,14.3,2.8,1.2
東慶寺,妙本寺,47.6,37.8,9.8,1.26
東慶寺,安国論寺,61.3,44.7,16.6,1.37
東慶寺,光明寺,76.7,54.7,22.0,1.4
東慶寺,由比ヶ浜,62.2,44.4,17.8,1.4
東慶寺,荏柄天神社,41.1,39.8,1.3,1.03
東慶寺,半僧坊,23.6,23.8,-0.2,0.99
浄智寺,鶴岡八幡宮,26.9,24.8,2.1,1.09
浄智寺,小町通り,31.4,24.0,7.4,1.31
浄智寺,鎌倉国宝館,26.9,25.5,1.4,1.05
浄智寺,源頼朝の墓,33.0,34.8,-1.8,0.95
浄智寺,宝戒寺,34.9,28.2,6.7,1.24
浄智寺,報国寺,54.0,44.9,9.1,1.2
浄智寺,杉本寺,47.6,40.5,7.1,1.17
浄智寺,浄妙寺,53.2,46.4,6.8,1.15
浄智寺,瑞泉寺,56.7,50.5,6.2,1.12
浄智寺,高徳院,44.3,40.5,3.8,1.09
浄智寺,長谷寺,55.2,44.6,10.6,1.24
浄智寺,御霊神社,58.3,45.7,12.6,1.27
浄智寺,鎌倉文学館,44.4,40.8,3.6,1.09
浄智寺,光則寺,54.2,44.1,10.1,1.23
浄智寺,極楽寺,65.2,53.2,12.0,1.23
浄智寺,成就院,63.6,49.9,13.7,1.27
浄智寺,稲村ヶ崎,81.9,58.2,23.7,1.41
浄智寺,七里ヶ浜,92.1,73.5,18.6,1.25
浄智寺,鎌倉高校前駅,106.8,82.2,24.6,1.3
浄智寺,銭洗弁財天宇賀福神社,19.4,17.2,2.2,1.13
浄智寺,佐助稲荷神社,24.9,22.2,2.7,1.12
浄智寺,寿福寺,22.4,17.2,5.2,1.3
浄智寺,葛原岡神社,12.5,11.7,0.8,1.07
浄智寺,妙本寺,43.3,35.2,8.1,1.23
浄智寺,安国論寺,56.8,42.1,14.7,1.35
浄智寺,光明寺,71.9,52.1,19.8,1.38
浄智寺,由比ヶ浜,57.2,41.7,15.5,1.37
浄智寺,荏柄天神社,38.8,37.2,1.6,1.04
浄智寺,半僧坊,23.9,22.4,1.5,1.07
鶴岡八幡宮,小町通り,13.1,8.9,4.2,1.47
鶴岡八幡宮,鎌倉国宝館,1.0,1.1,-0.1,0.87
鶴岡八幡宮,源頼朝の墓,9.7,10.5,-0.8,0.93
鶴岡八幡宮,宝戒寺,8.2,7.3,0.9,1.12
鶴岡八幡宮,報国寺,27.6,20.6,7.0,1.34
鶴岡八幡宮,杉本寺,22.3,16.2,6.1,1.37
鶴岡八幡宮,浄妙寺,29.2,22.0,7.2,1.33
鶴岡八幡宮,瑞泉寺,36.5,26.2,10.3,1.39
鶴岡八幡宮,高徳院,43.9,39.0,4.9,1.13
鶴岡八幡宮,長谷寺,53.0,37.4,15.6,1.42
鶴岡八幡宮,御霊神社,55.5,40.5,15.0,1.37
鶴岡八幡宮,鎌倉文学館,40.0,31.7,8.3,1.26
鶴岡八幡宮,光則寺,53.5,37.8,15.7,1.41
鶴岡八幡宮,極楽寺,63.9,45.1,18.8,1.42
鶴岡八幡宮,成就院,60.6,41.9,18.7,1.45
鶴岡八幡宮,稲村ヶ崎,76.2,49.3,26.9,1.55
鶴岡八幡宮,七里ヶ浜,94.3,64.5,29.8,1.46
鶴岡八幡宮,鎌倉高校前駅,114.1,79.8,34.3,1.43
鶴岡八幡宮,銭洗弁財天宇賀福神社,26.5,24.2,2.3,1.1
鶴岡八幡宮,佐助稲荷神社,32.3,29.2,3.1,1.11
鶴岡八幡宮,寿福寺,11.7,8.8,2.9,1.33
鶴岡八幡宮,葛原岡神社,26.7,24.8,1.9,1.08
鶴岡八幡宮,妙本寺,18.8,17.5,1.3,1.07
鶴岡八幡宮,安国論寺,32.8,24.9,7.9,1.32
鶴岡八幡宮,光明寺,51.0,36.7,14.3,1.39
鶴岡八幡宮,由比ヶ浜,46.0,28.5,17.5,1.61
鶴岡八幡宮,荏柄天神社,15.4,12.8,2.6,1.21
鶴岡八幡宮,半僧坊,22.2,21.5,0.7,1.03
小町通り,鎌倉国宝館,14.0,9.6,4.4,1.46
小町通り,源頼朝の墓,21.6,16.9,4.7,1.28
小町通り,宝戒寺,12.4,9.8,2.6,1.27
小町通り,報国寺,32.4,27.0,5.4,1.2
小町通り,杉本寺,29.8,22.6,7.2,1.32
小町通り,浄妙寺,37.4,28.5,8.9,1.31
小町通り,瑞泉寺,46.8,32.6,14.2,1.44
小町通り,高徳院,32.5,28.3,4.2,1.15
小町通り,長谷寺,40.7,29.9,10.8,1.36
小町通り,御霊神社,43.1,31.1,12.0,1.39
小町通り,鎌倉文学館,27.8,24.3,3.5,1.14
小町通り,光則寺,41.5,30.3,11.2,1.37
小町通り,極楽寺,51.6,37.6,14.0,1.37
小町通り,成就院,48.0,34.4,13.6,1.39
小町通り,稲村ヶ崎,63.2,41.8,21.4,1.51
小町通り,七里ヶ浜,82.2,57.0,25.2,1.44
小町通り,鎌倉高校前駅,103.0,72.3,30.7,1.42
小町通り,銭洗弁財天宇賀福神社,21.8,18.9,2.9,1.15
小町通り,佐助稲荷神社,25.6,18.5,7.1,1.39
小町通り,寿福寺,9.0,6.3,2.7,1.43
小町通り,葛原岡神社,25.5,19.5,6.0,1.31
小町通り,妙本寺,13.1,11.3,1.8,1.16
小町通り,安国論寺,25.6,19.5,6.1,1.31
小町通り,光明寺,40.9,29.4,11.5,1.39
小町通り,由比ヶ浜,33.0,21.0,12.0,1.57
小町通り,荏柄天神社,26.1,19.2,6.9,1.36
小町通り,半僧坊,34.5,29.8,4.7,1.16
鎌倉国宝館,源頼朝の墓,9.0,10.3,-1.3,0.87
鎌倉国宝館,宝戒寺,8.6,7.0,1.6,1.23
鎌倉国宝館,報国寺,27.4,20.4,7.0,1.35
鎌倉国宝館,杉本寺,21.9,15.9,6.0,1.38
鎌倉国宝館,浄妙寺,28.7,21.8,6.9,1.32
鎌倉国宝館,瑞泉寺,35.8,25.9,9.9,1.38
鎌倉国宝館,高徳院,44.8,39.6,5.2,1.13
鎌倉国宝館,長谷寺,53.9,38.0,15.9,1.42
鎌倉国宝館,御霊神社,56.5,41.2,15.3,1.37
鎌倉国宝館,鎌倉文学館,41.0,32.4,8.6,1.26
鎌倉国宝館,光則寺,54.4,38.5,15.9,1.41
鎌倉国宝館,極楽寺,64.9,45.8,19.1,1.42
鎌倉国宝館,成就院,61.5,42.6,18.9,1.44
鎌倉国宝館,稲村ヶ崎,77.2,50.0,27.2,1.54
鎌倉国宝館,七里ヶ浜,95.2,65.2,30.0,1.46
鎌倉国宝館,鎌倉高校前駅,115.0,80.5,34.5,1.43
鎌倉国宝館,銭洗弁財天宇賀福神社,27.1,24.9,2.2,1.09
鎌倉国宝館,佐助稲荷神社,33.0,29.9,3.1,1.1
鎌倉国宝館,寿福寺,12.5,9.5,3.0,1.31
鎌倉国宝館,葛原岡神社,27.1,25.5,1.6,1.06
鎌倉国宝館,妙本寺,19.5,17.3,2.2,1.13
鎌倉国宝館,安国論寺,33.4,24.7,8.7,1.35
鎌倉国宝館,光明寺,51.8,37.4,14.4,1.39
鎌倉国宝館,由比ヶ浜,46.9,29.2,17.7,1.61
鎌倉国宝館,荏柄天神社,14.8,12.6,2.2,1.17
鎌倉国宝館,半僧坊,21.4,21.3,0.1,1.0
源頼朝の墓,宝戒寺,10.9,9.4,1.5,1.16
源頼朝の墓,報国寺,21.4,15.7,5.7,1.36
源頼朝の墓,杉本寺,14.6,11.3,3.3,1.29
源頼朝の墓,浄妙寺,20.5,17.2,3.3,1.19
源頼朝の墓,瑞泉寺,26.8,19.2,7.6,1.4
源頼朝の墓,高徳院,53.4,46.8,6.6,1.14
源頼朝の墓,長谷寺,62.2,45.2,17.0,1.38
源頼朝の墓,御霊神社,64.6,48.3,16.3,1.34
源頼朝の墓,鎌倉文学館,49.2,39.5,9.7,1.25
源頼朝の墓,光則寺,62.8,45.6,17.2,1.38
源頼朝の墓,極楽寺,73.1,52.9,20.2,1.38
源頼朝の墓,成就院,69.5,49.6,19.9,1.4
源頼朝の墓,稲村ヶ崎,84.5,57.0,27.5,1.48
源頼朝の墓,七里ヶ浜,103.6,72.3,31.3,1.43
源頼朝の墓,鎌倉高校前駅,123.8,87.5,36.3,1.41
源頼朝の墓,銭洗弁財天宇賀福神社,36.0,32.2,3.8,1.12
源頼朝の墓,佐助稲荷神社,41.9,37.2,4.7,1.13
源頼朝の墓,寿福寺,21.5,18.8,2.7,1.14
源頼朝の墓,葛原岡神社,35.3,32.8,2.5,1.08
源頼朝の墓,妙本寺,22.3,16.6,5.7,1.34
源頼朝の墓,安国論寺,35.0,25.1,9.9,1.4
源頼朝の墓,光明寺,54.7,39.6,15.1,1.38
源頼朝の墓,由比ヶ浜,53.7,36.3,17.4,1.48
源頼朝の墓,荏柄天神社,6.0,5.0,1.0,1.21
源頼朝の墓,半僧坊,20.0,20.3,-0.3,0.98
宝戒寺,報国寺,21.1,19.1,2.0,1.11
宝戒寺,杉本寺,17.5,14.6,2.9,1.2
宝戒寺,浄妙寺,25.0,20.5,4.5,1.22
宝戒寺,瑞泉寺,34.4,24.6,9.8,1.4
宝戒寺,高徳院,44.9,39.6,5.3,1.13
宝戒寺,長谷寺,52.8,38.0,14.8,1.39
宝戒寺,御霊神社,55.1,41.1,14.0,1.34
宝戒寺,鎌倉文学館,40.0,32.4,7.6,1.24
宝戒寺,光則寺,53.8,38.4,15.4,1.4
宝戒寺,極楽寺,63.6,45.7,17.9,1.39
宝戒寺,成就院,59.8,42.5,17.3,1.41
宝戒寺,稲村ヶ崎,74.1,49.9,24.2,1.49
宝戒寺,七里ヶ浜,94.3,65.1,29.2,1.45
宝戒寺,鎌倉高校前駅,115.4,80.4,35.0,1.44
宝戒寺,銭洗弁財天宇賀福神社,31.7,25.1,6.6,1.26
宝戒寺,佐助稲荷神社,36.6,28.3,8.3,1.29
宝戒寺,寿福寺,16.4,12.2,4.2,1.34
宝戒寺,葛原岡神社,33.3,25.7,7.6,1.29
宝戒寺,妙本寺,11.7,13.0,-1.3,0.9
宝戒寺,安国論寺,25.3,20.4,4.9,1.24
宝戒寺,光明寺,44.4,34.9,9.5,1.27
宝戒寺,由比ヶ浜,43.1,29.1,14.0,1.48
宝戒寺,荏柄天神社,14.1,11.0,3.1,1.28
宝戒寺,半僧坊,28.9,25.3,3.6,1.14
報国寺,杉本寺,7.8,7.0,0.8,1.11
報国寺,浄妙寺,10.1,7.5,2.6,1.35
報国寺,瑞泉寺,22.0,24.7,-2.7,0.89
報国寺,高徳院,63.6,56.9,6.7,1.12
報国寺,長谷寺,69.9,55.3,14.6,1.26
報国寺,御霊神社,71.6,58.4,13.2,1.23
報国寺,鎌倉文学館,57.8,49.7,8.1,1.16
報国寺,光則寺,71.4,55.7,15.7,1.28
報国寺,極楽寺,80.0,63.0,17.0,1.27
報国寺,成就院,75.8,59.8,16.0,1.27
報国寺,稲村ヶ崎,87.3,67.2,20.1,1.3
報国寺,七里ヶ浜,110.6,82.4,28.2,1.34
報国寺,鎌倉高校前駅,133.3,97.7,35.6,1.36
報国寺,銭洗弁財天宇賀福神社,52.8,42.3,10.5,1.25
報国寺,佐助稲荷神社,57.6,47.3,10.3,1.22
報国寺,寿福寺,37.5,28.9,8.6,1.3
報国寺,葛原岡神社,54.1,42.9,11.2,1.26
報国寺,妙本寺,22.9,25.9,-3.0,0.88
報国寺,安国論寺,27.3,33.9,-6.6,0.81
報国寺,光明寺,46.6,49.0,-2.4,0.95
報国寺,由比ヶ浜,56.4,46.4,10.0,1.21
報国寺,荏柄天神社,16.9,12.6,4.3,1.34
報国寺,半僧坊,39.9,34.4,5.5,1.16
杉本寺,浄妙寺,7.6,8.5,-0.9,0.89
杉本寺,瑞泉寺,18.5,20.2,-1.7,0.91
杉本寺,高徳院,62.1,52.4,9.7,1.18
杉本寺,長谷寺,69.4,50.8,18.6,1.37
杉本寺,御霊神社,71.4,54.0,17.4,1.32
杉本寺,鎌倉文学館,56.8,45.2,11.6,1.26
杉本寺,光則寺,70.5,51.3,19.2,1.38
杉本寺,極楽寺,79.9,58.6,21.3,1.36
杉本寺,成就院,75.8,55.3,20.5,1.37
杉本寺,稲村ヶ崎,88.7,62.7,26.0,1.42
杉本寺,七里ヶ浜,110.6,78.0,32.6,1.42
杉本寺,鎌倉高校前駅,132.5,93.2,39.3,1.42
杉本寺,銭洗弁財天宇賀福神社,48.5,37.9,10.6,1.28
杉本寺,佐助稲荷神社,53.9,42.9,11.0,1.26
杉本寺,寿福寺,33.3,24.5,8.8,1.36
杉本寺,葛原岡神社,49.0,38.5,10.5,1.27
杉本寺,妙本寺,23.3,21.5,1.8,1.08
杉本寺,安国論寺,31.3,30.0,1.3,1.04
杉本寺,光明寺,51.3,44.5,6.8,1.15
杉本寺,由比ヶ浜,57.5,41.9,15.6,1.37
杉本寺,荏柄天神社,9.4,8.2,1.2,1.14
杉本寺,半僧坊,32.3,30.0,2.3,1.08
浄妙寺,瑞泉寺,11.9,24.3,-12.4,0.49
浄妙寺,高徳院,69.7,58.3,11.4,1.2
浄妙寺,長谷寺,76.9,56.7,20.2,1.36
浄妙寺,御霊神社,78.9,59.8,19.1,1.32
浄妙寺,鎌倉文学館,64.4,51.1,13.3,1.26
浄妙寺,光則寺,78.1,57.1,21.0,1.37
浄妙寺,極楽寺,87.4,64.4,23.0,1.36
浄妙寺,成就院,83.3,61.2,22.1,1.36
浄妙寺,稲村ヶ崎,95.9,68.6,27.3,1.4
浄妙寺,七里ヶ浜,118.1,83.9,34.2,1.41
浄妙寺,鎌倉高校前駅,140.1,99.1,41.0,1.41
浄妙寺,銭洗弁財天宇賀福神社,55.6,43.7,11.9,1.27
浄妙寺,佐助稲荷神社,61.2,48.7,12.5,1.26
浄妙寺,寿福寺,40.5,30.4,10.1,1.33
浄妙寺,葛原岡神社,55.7,44.4,11.3,1.25
浄妙寺,妙本寺,30.5,27.3,3.2,1.12
浄妙寺,安国論寺,37.1,38.6,-1.5,0.96
浄妙寺,光明寺,56.6,53.8,2.8,1.05
浄妙寺,由比ヶ浜,64.7,47.8,16.9,1.35
浄妙寺,荏柄天神社,14.5,14.1,0.4,1.03
浄妙寺,半僧坊,35.3,35.8,-0.5,0.99
瑞泉寺,高徳院,79.3,62.5,16.8,1.27
瑞泉寺,長谷寺,87.2,60.9,26.3,1.43
瑞泉寺,御霊神社,89.3,64.0,25.3,1.4
瑞泉寺,鎌倉文学館,74.4,55.2,19.2,1.35
瑞泉寺,光則寺,88.2,61.3,26.9,1.44
瑞泉寺,極楽寺,97.8,68.6,29.2,1.43
瑞泉寺,成就院,93.9,65.3,28.6,1.44
瑞泉寺,稲村ヶ崎,107.2,72.7,34.5,1.47
瑞泉寺,七里ヶ浜,128.6,88.0,40.6,1.46
瑞泉寺,鎌倉高校前駅,149.8,103.2,46.6,1.45
瑞泉寺,銭洗弁財天宇賀福神社,62.7,47.9,14.8,1.31
瑞泉寺,佐助稲荷神社,68.7,52.9,15.8,1.3
瑞泉寺,寿福寺,48.2,34.5,13.7,1.4
瑞泉寺,葛原岡神社,61.5,48.5,13.0,1.27
瑞泉寺,妙本寺,41.7,31.5,10.2,1.32
瑞泉寺,安国論寺,49.0,40.0,9.0,1.23
瑞泉寺,光明寺,68.6,54.5,14.1,1.26
瑞泉寺,由比ヶ浜,75.9,52.0,23.9,1.46
瑞泉寺,荏柄天神社,21.1,16.2,4.9,1.3
瑞泉寺,半僧坊,35.3,31.4,3.9,1.12
高徳院,長谷寺,10.9,8.8,2.1,1.24
高徳院,御霊神社,14.0,9.9,4.1,1.42
高徳院,鎌倉文学館,6.8,12.8,-6.0,0.53
高徳院,光則寺,10.2,8.4,1.8,1.21
高徳院,極楽寺,21.3,17.4,3.9,1.22
高徳院,成就院,19.3,14.2,5.1,1.36
高徳院,稲村ヶ崎,37.8,24.8,13.0,1.52
高徳院,七里ヶ浜,50.6,40.1,10.5,1.26
高徳院,鎌倉高校前駅,70.5,55.3,15.2,1.28
高徳院,銭洗弁財天宇賀福神社,24.9,24.4,0.5,1.02
高徳院,佐助稲荷神社,19.6,24.7,-5.1,0.79
高徳院,寿福寺,32.9,32.7,0.2,1.01
高徳院,葛原岡神社,31.8,29.1,2.7,1.09
高徳院,妙本寺,41.0,34.3,6.7,1.2
高徳院,安国論寺,45.4,34.6,10.8,1.31
高徳院,光明寺,47.2,32.4,14.8,1.46
高徳院,由比ヶ浜,21.2,15.7,5.5,1.35
高徳院,荏柄天神社,58.4,49.1,9.3,1.19
高徳院,半僧坊,60.7,51.7,9.0,1.17
長谷寺,御霊神社,3.1,7.7,-4.6,0.41
長谷寺,鎌倉文学館,13.0,11.2,1.8,1.16
長谷寺,光則寺,2.9,6.2,-3.3,0.47
長谷寺,極楽寺,11.0,15.2,-4.2,0.72
長谷寺,成就院,8.4,12.0,-3.6,0.7
長谷寺,稲村ヶ崎,27.0,21.7,5.3,1.24
長谷寺,七里ヶ浜,41.4,36.9,4.5,1.12
長谷寺,鎌倉高校前駅,63.5,52.2,11.3,1.22
長谷寺,銭洗弁財天宇賀福神社,35.8,28.4,7.4,1.26
長谷寺,佐助稲荷神社,30.5,28.7,1.8,1.06
長谷寺,寿福寺,42.6,34.2,8.4,1.25
長谷寺,葛原岡神社,42.7,33.1,9.6,1.29
長谷寺,妙本寺,47.0,32.7,14.3,1.44
長谷寺,安国論寺,48.4,33.0,15.4,1.47
長谷寺,光明寺,45.5,30.6,14.9,1.49
長谷寺,由比ヶ浜,18.5,13.8,4.7,1.34
長谷寺,荏柄天神社,66.8,47.5,19.3,1.41
長谷寺,半僧坊,70.9,58.2,12.7,1.22
御霊神社,鎌倉文学館,15.6,12.4,3.2,1.25
御霊神社,光則寺,5.2,8.1,-2.9,0.65
御霊神社,極楽寺,8.5,8.4,0.1,1.01
御霊神社,成就院,5.3,5.2,0.1,1.03
御霊神社,稲村ヶ崎,23.8,15.2,8.6,1.57
御霊神社,七里ヶ浜,39.2,30.5,8.7,1.29
御霊神社,鎌倉高校前駅,61.9,45.7,16.2,1.36
御霊神社,銭洗弁財天宇賀福神社,38.9,29.6,9.3,1.31
御霊神社,佐助稲荷神社,33.6,29.9,3.7,1.12
御霊神社,寿福寺,45.4,35.5,9.9,1.28
御霊神社,葛原岡神社,45.8,34.3,11.5,1.34
御霊神社,妙本寺,48.8,35.7,13.1,1.37
御霊神社,安国論寺,49.4,34.1,15.3,1.45
御霊神社,光明寺,45.1,29.0,16.1,1.55
御霊神社,由比ヶ浜,18.5,12.3,6.2,1.5
御霊神社,荏柄天神社,69.1,50.6,18.5,1.36
御霊神社,半僧坊,73.8,61.4,12.4,1.2
鎌倉文学館,光則寺,13.7,11.6,2.1,1.18
鎌倉文学館,極楽寺,23.9,19.6,4.3,1.22
鎌倉文学館,成就院,20.7,16.4,4.3,1.26
鎌倉文学館,稲村ヶ崎,38.0,25.6,12.4,1.48
鎌倉文学館,七里ヶ浜,54.4,40.8,13.6,1.33
鎌倉文学館,鎌倉高校前駅,75.7,56.1,19.6,1.35
鎌倉文学館,銭洗弁財天宇賀福神社,25.1,24.6,0.5,1.02
鎌倉文学館,佐助稲荷神社,21.2,24.9,-3.7,0.85
鎌倉文学館,寿福寺,29.8,28.6,1.2,1.04
鎌倉文学館,葛原岡神社,32.3,29.3,3.0,1.1
鎌倉文学館,妙本寺,35.0,27.1,7.9,1.29
鎌倉文学館,安国論寺,38.7,30.2,8.5,1.28
鎌倉文学館,光明寺,40.7,28.3,12.4,1.44
鎌倉文学館,由比ヶ浜,15.8,11.6,4.2,1.36
鎌倉文学館,荏柄天神社,53.9,41.9,12.0,1.29
鎌倉文学館,半僧坊,58.4,52.6,5.8,1.11
光則寺,極楽寺,11.1,15.6,-4.5,0.71
光則寺,成就院,9.8,12.4,-2.6,0.79
光則寺,稲村ヶ崎,28.5,22.1,6.4,1.29
光則寺,七里ヶ浜,40.8,37.3,3.5,1.09
光則寺,鎌倉高校前駅,62.0,52.6,9.4,1.18
光則寺,銭洗弁財天宇賀福神社,35.0,28.0,7.0,1.25
光則寺,佐助稲荷神社,29.3,28.3,1.0,1.04
光則寺,寿福寺,42.8,34.7,8.1,1.23
光則寺,葛原岡神社,41.7,32.7,9.0,1.27
光則寺,妙本寺,48.5,33.1,15.4,1.46
光則寺,安国論寺,50.5,33.4,17.1,1.51
光則寺,光明寺,48.2,31.0,17.2,1.56
光則寺,由比ヶ浜,21.2,14.3,6.9,1.48
光則寺,荏柄天神社,67.6,47.9,19.7,1.41
光則寺,半僧坊,70.8,55.3,15.5,1.28
極楽寺,成就院,4.7,3.3,1.4,1.44
極楽寺,稲村ヶ崎,18.8,16.7,2.1,1.13
極楽寺,七里ヶ浜,30.7,23.5,7.2,1.31
極楽寺,鎌倉高校前駅,53.9,38.8,15.1,1.39
極楽寺,銭洗弁財天宇賀福神社,46.1,37.1,9.0,1.24
極楽寺,佐助稲荷神社,40.3,37.4,2.9,1.08
極楽寺,寿福寺,53.6,39.6,14.0,1.35
極楽寺,葛原岡神社,52.7,41.8,10.9,1.26
極楽寺,妙本寺,57.2,40.3,16.9,1.42
極楽寺,安国論寺,57.1,38.7,18.4,1.48
極楽寺,光明寺,51.0,33.6,17.4,1.52
極楽寺,由比ヶ浜,25.6,16.9,8.7,1.51
極楽寺,荏柄天神社,77.6,55.2,22.4,1.41
極楽寺,半僧坊,81.8,66.0,15.8,1.24
成就院,稲村ヶ崎,18.7,14.9,3.8,1.26
成就院,七里ヶ浜,34.9,24.2,10.7,1.44
成就院,鎌倉高校前駅,58.5,39.5,19.0,1.48
成就院,銭洗弁財天宇賀福神社,44.2,33.8,10.4,1.31
成就院,佐助稲荷神社,38.9,34.1,4.8,1.14
成就院,寿福寺,50.6,36.4,14.2,1.39
成就院,葛原岡神社,51.1,38.5,12.6,1.33
成就院,妙本寺,53.0,37.1,15.9,1.43
成就院,安国論寺,52.5,35.5,17.0,1.48
成就院,光明寺,46.3,30.4,15.9,1.52
成就院,由比ヶ浜,20.9,13.7,7.2,1.52
成就院,荏柄天神社,73.9,52.0,21.9,1.42
成就院,半僧坊,79.1,62.7,16.4,1.26
稲村ヶ崎,七里ヶ浜,29.0,16.0,13.0,1.81
稲村ヶ崎,鎌倉高校前駅,55.2,31.2,24.0,1.77
稲村ヶ崎,銭洗弁財天宇賀福神社,62.5,42.1,20.4,1.49
稲村ヶ崎,佐助稲荷神社,57.4,42.4,15.0,1.35
稲村ヶ崎,寿福寺,67.3,43.8,23.5,1.54
稲村ヶ崎,葛原岡神社,69.5,46.8,22.7,1.49
稲村ヶ崎,妙本寺,65.5,44.5,21.0,1.47
稲村ヶ崎,安国論寺,61.4,42.9,18.5,1.43
稲村ヶ崎,光明寺,49.1,37.8,11.3,1.3
稲村ヶ崎,由比ヶ浜,31.3,21.1,10.2,1.48
稲村ヶ崎,荏柄天神社,88.2,59.4,28.8,1.48
稲村ヶ崎,半僧坊,96.1,70.1,26.0,1.37
七里ヶ浜,鎌倉高校前駅,26.2,15.5,10.7,1.69
七里ヶ浜,銭洗弁財天宇賀福神社,74.0,57.4,16.6,1.29
七里ヶ浜,佐助稲荷神社,67.6,57.7,9.9,1.17
七里ヶ浜,寿福寺,83.5,59.1,24.4,1.41
七里ヶ浜,葛原岡神社,79.8,62.0,17.8,1.29
七里ヶ浜,妙本寺,87.8,59.8,28.0,1.47
七里ヶ浜,安国論寺,86.7,58.1,28.6,1.49
七里ヶ浜,光明寺,77.1,53.1,24.0,1.45
七里ヶ浜,由比ヶ浜,55.0,36.3,18.7,1.51
七里ヶ浜,荏柄天神社,108.2,74.6,33.6,1.45
七里ヶ浜,半僧坊,110.9,85.4,25.5,1.3
鎌倉高校前駅,銭洗弁財天宇賀福神社,90.8,69.1,21.7,1.31
鎌倉高校前駅,佐助稲荷神社,84.2,72.9,11.3,1.16
鎌倉高校前駅,寿福寺,102.7,74.3,28.4,1.38
鎌倉高校前駅,葛原岡神社,95.5,71.2,24.3,1.34
鎌倉高校前駅,妙本寺,110.4,75.0,35.4,1.47
鎌倉高校前駅,安国論寺,111.0,73.4,37.6,1.51
鎌倉高校前駅,光明寺,102.9,68.3,34.6,1.51
鎌倉高校前駅,由比ヶ浜,79.3,51.6,27.7,1.54
鎌倉高校前駅,荏柄天神社,128.9,89.9,39.0,1.43
鎌倉高校前駅,半僧坊,128.1,100.7,27.4,1.27
銭洗弁財天宇賀福神社,佐助稲荷神社,6.6,5.8,0.8,1.13
銭洗弁財天宇賀福神社,寿福寺,15.3,13.5,1.8,1.13
銭洗弁財天宇賀福神社,葛原岡神社,7.2,6.1,1.1,1.18
銭洗弁財天宇賀福神社,妙本寺,34.8,27.1,7.7,1.29
銭洗弁財天宇賀福神社,安国論寺,46.0,33.9,12.1,1.36
銭洗弁財天宇賀福神社,光明寺,57.3,38.8,18.5,1.48
銭洗弁財天宇賀福神社,由比ヶ浜,38.8,25.6,13.2,1.52
銭洗弁財天宇賀福神社,荏柄天神社,41.9,34.5,7.4,1.21
銭洗弁財天宇賀福神社,半僧坊,37.4,30.4,7.0,1.23
佐助稲荷神社,寿福寺,20.7,18.5,2.2,1.12
佐助稲荷神社,葛原岡神社,12.4,11.2,1.2,1.11
佐助稲荷神社,妙本寺,38.2,27.4,10.8,1.39
佐助稲荷神社,安国論寺,48.0,34.2,13.8,1.4
佐助稲荷神社,光明寺,57.1,39.1,18.0,1.46
佐助稲荷神社,由比ヶ浜,36.1,25.9,10.2,1.39
佐助稲荷神社,荏柄天神社,47.7,39.5,8.2,1.21
佐助稲荷神社,半僧坊,43.9,35.6,8.3,1.23
寿福寺,葛原岡神社,17.3,14.1,3.2,1.23
寿福寺,妙本寺,21.5,17.1,4.4,1.26
寿福寺,安国論寺,34.5,25.3,9.2,1.36
寿福寺,光明寺,49.6,35.2,14.4,1.41
寿福寺,由比ヶ浜,38.6,26.8,11.8,1.44
寿福寺,荏柄天神社,27.1,21.2,5.9,1.28
寿福寺,半僧坊,28.8,23.8,5.0,1.21
葛原岡神社,妙本寺,38.5,30.3,8.2,1.27
葛原岡神社,安国論寺,50.8,38.4,12.4,1.32
葛原岡神社,光明寺,63.4,43.5,19.9,1.46
葛原岡神社,由比ヶ浜,46.0,30.3,15.7,1.52
葛原岡神社,荏柄天神社,41.4,35.1,6.3,1.18
葛原岡神社,半僧坊,33.0,31.0,2.0,1.06
妙本寺,安国論寺,14.0,13.9,0.1,1.01
妙本寺,光明寺,32.7,26.8,5.9,1.22
妙本寺,由比ヶ浜,34.2,23.7,10.5,1.44
妙本寺,荏柄天神社,23.9,18.1,5.8,1.32
妙本寺,半僧坊,40.5,35.3,5.2,1.15
安国論寺,光明寺,20.1,19.9,0.2,1.01
安国論寺,由比ヶ浜,31.8,22.1,9.7,1.44
安国論寺,荏柄天神社,35.2,26.6,8.6,1.32
安国論寺,半僧坊,54.1,43.8,10.3,1.24
光明寺,由比ヶ浜,27.0,17.0,10.0,1.59
光明寺,荏柄天神社,55.3,41.1,14.2,1.35
光明寺,半僧坊,73.1,57.6,15.5,1.27
由比ヶ浜,荏柄天神社,57.1,38.6,18.5,1.48
由比ヶ浜,半僧坊,67.1,49.4,17.7,1.36
荏柄天神社,半僧坊,23.1,23.7,-0.6,0.97
