name,file,url,artist,license,license_url,usable
円覚寺,"File:Shorei-in, Engaku-ji.jpg",https://upload.wikimedia.org/wikipedia/commons/thumb/1/1b/Shorei-in%2C_Engaku-ji.jpg/500px-Shorei-in%2C_Engaku-ji.jpg?utm_source=commons.wikimedia.org&utm_campaign=imageinfo&utm_content=thumbnail,DimiTalen,CC0,http://creativecommons.org/publicdomain/zero/1.0/deed.en,True
円覚寺,File:Engaku-ji Temple.jpg,https://upload.wikimedia.org/wikipedia/commons/thumb/9/9b/Engaku-ji_Temple.jpg/500px-Engaku-ji_Temple.jpg?utm_source=commons.wikimedia.org&utm_campaign=imageinfo&utm_content=thumbnail,Akonnchiroll,CC BY-SA 4.0,https://creativecommons.org/licenses/by-sa/4.0,True
円覚寺,"File:Sanmon, Engaku-ji.jpg",https://upload.wikimedia.org/wikipedia/commons/thumb/2/24/Sanmon%2C_Engaku-ji.jpg/500px-Sanmon%2C_Engaku-ji.jpg?utm_source=commons.wikimedia.org&utm_campaign=imageinfo&utm_content=thumbnail,Dandy1022,CC BY-SA 4.0,https://creativecommons.org/licenses/by-sa/4.0,True
明月院,File:Meigetsu-in Kamakura Main-Hall.jpg,https://upload.wikimedia.org/wikipedia/commons/thumb/9/9b/Meigetsu-in_Kamakura_Main-Hall.jpg/500px-Meigetsu-in_Kamakura_Main-Hall.jpg?utm_source=commons.wikimedia.org&utm_campaign=imageinfo&utm_content=thumbnail,Tarourashima,Public domain,,True
明月院,File:竹林に咲く紫陽花 鎌倉の明月院で撮影 Pcs34560 IMG 3106.jpg,https://upload.wikimedia.org/wikipedia/commons/thumb/b/b9/%E7%AB%B9%E6%9E%97%E3%81%AB%E5%92%B2%E3%81%8F%E7%B4%AB%E9%99%BD%E8%8A%B1_%E9%8E%8C%E5%80%89%E3%81%AE%E6%98%8E%E6%9C%88%E9%99%A2%E3%81%A7%E6%92%AE%E5%BD%B1_Pcs34560_IMG_3106.jpg/500px-%E7%AB%B9%E6%9E%97%E3%81%AB%E5%92%B2%E3%81%8F%E7%B4%AB%E9%99%BD%E8%8A%B1_%E9%8E%8C%E5%80%89%E3%81%AE%E6%98%8E%E6%9C%88%E9%99%A2%E3%81%A7%E6%92%AE%E5%BD%B1_Pcs34560_IMG_3106.jpg?utm_source=commons.wikimedia.org&utm_campaign=imageinfo&utm_content=thumbnail,pcs34560,Public domain,,True
明月院,File:Meigetsu-in September.jpg,https://upload.wikimedia.org/wikipedia/commons/thumb/8/82/Meigetsu-in_September.jpg/500px-Meigetsu-in_September.jpg?utm_source=commons.wikimedia.org&utm_campaign=imageinfo&utm_content=thumbnail,Urashimataro,Public domain,,True
建長寺,File:Kenchoji Main Complex.jpg,https://upload.wikimedia.org/wikipedia/commons/thumb/6/6f/Kenchoji_Main_Complex.jpg/500px-Kenchoji_Main_Complex.jpg?utm_source=commons.wikimedia.org&utm_campaign=imageinfo&utm_content=thumbnail,Tarourashima,Public domain,,True
建長寺,File:Kenchoji Sanmon 2009.jpg,https://upload.wikimedia.org/wikipedia/commons/thumb/a/a4/Kenchoji_Sanmon_2009.jpg/500px-Kenchoji_Sanmon_2009.jpg?utm_source=commons.wikimedia.org&utm_campaign=imageinfo&utm_content=thumbnail,Wiiii,CC BY-SA 3.0,https://creativecommons.org/licenses/by-sa/3.0,True
建長寺,File:Kenchō-ji - Bell tower.jpg,https://upload.wikimedia.org/wikipedia/commons/thumb/5/5e/Kench%C5%8D-ji_-_Bell_tower.jpg/500px-Kench%C5%8D-ji_-_Bell_tower.jpg?utm_source=commons.wikimedia.org&utm_campaign=imageinfo&utm_content=thumbnail,Kakidai,CC BY-SA 4.0,https://creativecommons.org/licenses/by-sa/4.0,True
東慶寺,"File:Tōkei-ji, Main Hall 001.jpg",https://upload.wikimedia.org/wikipedia/commons/thumb/f/f0/T%C5%8Dkei-ji%2C_Main_Hall_001.jpg/500px-T%C5%8Dkei-ji%2C_Main_Hall_001.jpg?utm_source=commons.wikimedia.org&utm_campaign=imageinfo&utm_content=thumbnail,Naokijp,CC BY-SA 4.0,https://creativecommons.org/licenses/by-sa/4.0,True
東慶寺,"File:Tōkei-ji, Main Gate 001.jpg",https://upload.wikimedia.org/wikipedia/commons/thumb/1/1a/T%C5%8Dkei-ji%2C_Main_Gate_001.jpg/500px-T%C5%8Dkei-ji%2C_Main_Gate_001.jpg?utm_source=commons.wikimedia.org&utm_campaign=imageinfo&utm_content=thumbnail,Naokijp,CC BY-SA 4.0,https://creativecommons.org/licenses/by-sa/4.0,True
東慶寺,"File:Tōkei-ji, Main Hall 002.jpg",https://upload.wikimedia.org/wikipedia/commons/thumb/1/13/T%C5%8Dkei-ji%2C_Main_Hall_002.jpg/500px-T%C5%8Dkei-ji%2C_Main_Hall_002.jpg?utm_source=commons.wikimedia.org&utm_campaign=imageinfo&utm_content=thumbnail,Naokijp,CC BY-SA 4.0,https://creativecommons.org/licenses/by-sa/4.0,True
浄智寺,File:Jōchi-ji -82371.jpeg,https://upload.wikimedia.org/wikipedia/commons/thumb/2/2f/J%C5%8Dchi-ji_-82371.jpeg/500px-J%C5%8Dchi-ji_-82371.jpeg?utm_source=commons.wikimedia.org&utm_campaign=imageinfo&utm_content=thumbnail,Syced,CC0,http://creativecommons.org/publicdomain/zero/1.0/deed.en,True
浄智寺,File:Jōchi-ji -51304.jpeg,https://upload.wikimedia.org/wikipedia/commons/thumb/5/5a/J%C5%8Dchi-ji_-51304.jpeg/500px-J%C5%8Dchi-ji_-51304.jpeg?utm_source=commons.wikimedia.org&utm_campaign=imageinfo&utm_content=thumbnail,Syced,CC0,http://creativecommons.org/publicdomain/zero/1.0/deed.en,True
浄智寺,File:Jōchi-ji -21735.jpeg,https://upload.wikimedia.org/wikipedia/commons/thumb/7/74/J%C5%8Dchi-ji_-21735.jpeg/500px-J%C5%8Dchi-ji_-21735.jpeg?utm_source=commons.wikimedia.org&utm_campaign=imageinfo&utm_content=thumbnail,Syced,CC0,http://creativecommons.org/publicdomain/zero/1.0/deed.en,True
鶴岡八幡宮,File:Tsurugaoka Hachimangu 001.jpg,https://upload.wikimedia.org/wikipedia/commons/thumb/5/59/Tsurugaoka_Hachimangu_001.jpg/500px-Tsurugaoka_Hachimangu_001.jpg?utm_source=commons.wikimedia.org&utm_campaign=imageinfo&utm_content=thumbnail,Ocdp,CC0,http://creativecommons.org/publicdomain/zero/1.0/deed.en,True
鶴岡八幡宮,File:Tsurugaoka Hachimangū-ji.jpg,https://upload.wikimedia.org/wikipedia/commons/thumb/9/93/Tsurugaoka_Hachimang%C5%AB-ji.jpg/500px-Tsurugaoka_Hachimang%C5%AB-ji.jpg?utm_source=commons.wikimedia.org&utm_campaign=imageinfo&utm_content=thumbnail,Unknown authorUnknown author,Public domain,,True
鶴岡八幡宮,File:鶴岡八幡宮 (神奈川県鎌倉市雪ノ下) - panoramio (1).jpg,https://upload.wikimedia.org/wikipedia/commons/thumb/3/3c/%E9%B6%B4%E5%B2%A1%E5%85%AB%E5%B9%A1%E5%AE%AE_%28%E7%A5%9E%E5%A5%88%E5%B7%9D%E7%9C%8C%E9%8E%8C%E5%80%89%E5%B8%82%E9%9B%AA%E3%83%8E%E4%B8%8B%29_-_panoramio_%281%29.jpg/500px-%E9%B6%B4%E5%B2%A1%E5%85%AB%E5%B9%A1%E5%AE%AE_%28%E7%A5%9E%E5%A5%88%E5%B7%9D%E7%9C%8C%E9%8E%8C%E5%80%89%E5%B8%82%E9%9B%AA%E3%83%8E%E4%B8%8B%29_-_panoramio_%281%29.jpg?utm_source=commons.wikimedia.org&utm_campaign=imageinfo&utm_content=thumbnail,gundam2345,CC BY 3.0,https://creativecommons.org/licenses/by/3.0,True
小町通り,File:Kamakura Komachi street 2024.jpg,https://upload.wikimedia.org/wikipedia/commons/thumb/2/26/Kamakura_Komachi_street_2024.jpg/500px-Kamakura_Komachi_street_2024.jpg?utm_source=commons.wikimedia.org&utm_campaign=imageinfo&utm_content=thumbnail,ARandomName123,CC BY-SA 4.0,https://creativecommons.org/licenses/by-sa/4.0,True
小町通り,File:『鎌倉殿の13人』幟 小町通り 01.jpg,https://upload.wikimedia.org/wikipedia/commons/thumb/6/6d/%E3%80%8E%E9%8E%8C%E5%80%89%E6%AE%BF%E3%81%AE13%E4%BA%BA%E3%80%8F%E5%B9%9F_%E5%B0%8F%E7%94%BA%E9%80%9A%E3%82%8A_01.jpg/500px-%E3%80%8E%E9%8E%8C%E5%80%89%E6%AE%BF%E3%81%AE13%E4%BA%BA%E3%80%8F%E5%B9%9F_%E5%B0%8F%E7%94%BA%E9%80%9A%E3%82%8A_01.jpg?utm_source=commons.wikimedia.org&utm_campaign=imageinfo&utm_content=thumbnail,Indiana jo,CC BY-SA 4.0,https://creativecommons.org/licenses/by-sa/4.0,True
小町通り,File:『鎌倉殿の13人』幟 小町通り 02.jpg,https://upload.wikimedia.org/wikipedia/commons/thumb/3/33/%E3%80%8E%E9%8E%8C%E5%80%89%E6%AE%BF%E3%81%AE13%E4%BA%BA%E3%80%8F%E5%B9%9F_%E5%B0%8F%E7%94%BA%E9%80%9A%E3%82%8A_02.jpg/500px-%E3%80%8E%E9%8E%8C%E5%80%89%E6%AE%BF%E3%81%AE13%E4%BA%BA%E3%80%8F%E5%B9%9F_%E5%B0%8F%E7%94%BA%E9%80%9A%E3%82%8A_02.jpg?utm_source=commons.wikimedia.org&utm_campaign=imageinfo&utm_content=thumbnail,Indiana jo,CC BY-SA 4.0,https://creativecommons.org/licenses/by-sa/4.0,True
鎌倉国宝館,File:Kamakura Museum of National Treasures panoramic.jpg,https://upload.wikimedia.org/wikipedia/commons/thumb/3/3c/Kamakura_Museum_of_National_Treasures_panoramic.jpg/500px-Kamakura_Museum_of_National_Treasures_panoramic.jpg?utm_source=commons.wikimedia.org&utm_campaign=imageinfo&utm_content=thumbnail,Urashimataro,Public domain,,True
鎌倉国宝館,File:Kamakura Museum of National Treasures.jpg,https://upload.wikimedia.org/wikipedia/commons/thumb/3/30/Kamakura_Museum_of_National_Treasures.jpg/500px-Kamakura_Museum_of_National_Treasures.jpg?utm_source=commons.wikimedia.org&utm_campaign=imageinfo&utm_content=thumbnail,Urashimataro,Public domain,,True
鎌倉国宝館,File:Sixteen Arhats (Kenchoji) (Kamakura Museum of National Treasures).jpg,https://upload.wikimedia.org/wikipedia/commons/5/5d/Sixteen_Arhats_%28Kenchoji%29_%28Kamakura_Museum_of_National_Treasures%29.jpg?utm_source=commons.wikimedia.org&utm_campaign=imageinfo&utm_content=thumbnail_unscaled,Muromachi-period artist,Public domain,,True
源頼朝の墓,File:Approach to Shirahata Shrine and Tomb of MINAMOTO no Yoritomo 001.jpg,https://upload.wikimedia.org/wikipedia/commons/thumb/6/68/Approach_to_Shirahata_Shrine_and_Tomb_of_MINAMOTO_no_Yoritomo_001.jpg/500px-Approach_to_Shirahata_Shrine_and_Tomb_of_MINAMOTO_no_Yoritomo_001.jpg?utm_source=commons.wikimedia.org&utm_campaign=imageinfo&utm_content=thumbnail,Naokijp,CC BY-SA 4.0,https://creativecommons.org/licenses/by-sa/4.0,True
源頼朝の墓,File:Tomb of Minamoto no Yoritomo 001.jpg,https://upload.wikimedia.org/wikipedia/commons/thumb/a/a8/Tomb_of_Minamoto_no_Yoritomo_001.jpg/500px-Tomb_of_Minamoto_no_Yoritomo_001.jpg?utm_source=commons.wikimedia.org&utm_campaign=imageinfo&utm_content=thumbnail,Naokijp,CC BY-SA 4.0,https://creativecommons.org/licenses/by-sa/4.0,True
源頼朝の墓,"File:Tomb of Minamoto no Yoritomo, Kamakura - Nov 12, 2006.jpg",https://upload.wikimedia.org/wikipedia/commons/thumb/8/87/Tomb_of_Minamoto_no_Yoritomo%2C_Kamakura_-_Nov_12%2C_2006.jpg/500px-Tomb_of_Minamoto_no_Yoritomo%2C_Kamakura_-_Nov_12%2C_2006.jpg?utm_source=commons.wikimedia.org&utm_campaign=imageinfo&utm_content=thumbnail,Odyssey,CC BY-SA 2.0,https://creativecommons.org/licenses/by-sa/2.0,True
宝戒寺,File:Hokaiji Main Hall.jpg,https://upload.wikimedia.org/wikipedia/commons/thumb/8/83/Hokaiji_Main_Hall.jpg/500px-Hokaiji_Main_Hall.jpg?utm_source=commons.wikimedia.org&utm_campaign=imageinfo&utm_content=thumbnail,Urashimataro,Public domain,,True
宝戒寺,"File:Hōkai-ji (Arakawa, Arakawa) 03.jpg",https://upload.wikimedia.org/wikipedia/commons/thumb/9/95/H%C5%8Dkai-ji_%28Arakawa%2C_Arakawa%29_03.jpg/500px-H%C5%8Dkai-ji_%28Arakawa%2C_Arakawa%29_03.jpg?utm_source=commons.wikimedia.org&utm_campaign=imageinfo&utm_content=thumbnail,Higa4,CC0,http://creativecommons.org/publicdomain/zero/1.0/deed.en,True
宝戒寺,"File:Hōkai-ji (Arakawa, Arakawa) 02.jpg",https://upload.wikimedia.org/wikipedia/commons/thumb/d/d9/H%C5%8Dkai-ji_%28Arakawa%2C_Arakawa%29_02.jpg/500px-H%C5%8Dkai-ji_%28Arakawa%2C_Arakawa%29_02.jpg?utm_source=commons.wikimedia.org&utm_campaign=imageinfo&utm_content=thumbnail,Higa4,CC0,http://creativecommons.org/publicdomain/zero/1.0/deed.en,True
報国寺,"File:Hōkoku-ji, Sandō 001.jpg",https://upload.wikimedia.org/wikipedia/commons/thumb/9/92/H%C5%8Dkoku-ji%2C_Sand%C5%8D_001.jpg/500px-H%C5%8Dkoku-ji%2C_Sand%C5%8D_001.jpg?utm_source=commons.wikimedia.org&utm_campaign=imageinfo&utm_content=thumbnail,Naokijp,CC BY-SA 4.0,https://creativecommons.org/licenses/by-sa/4.0,True
報国寺,"File:Hōkoku-ji, Five-Ring Pagoda Group 001.jpg",https://upload.wikimedia.org/wikipedia/commons/thumb/3/33/H%C5%8Dkoku-ji%2C_Five-Ring_Pagoda_Group_001.jpg/500px-H%C5%8Dkoku-ji%2C_Five-Ring_Pagoda_Group_001.jpg?utm_source=commons.wikimedia.org&utm_campaign=imageinfo&utm_content=thumbnail,Naokijp,CC BY-SA 4.0,https://creativecommons.org/licenses/by-sa/4.0,True
報国寺,File:2019 Hōkoku-ji 01.jpg,https://upload.wikimedia.org/wikipedia/commons/thumb/3/31/2019_H%C5%8Dkoku-ji_01.jpg/500px-2019_H%C5%8Dkoku-ji_01.jpg?utm_source=commons.wikimedia.org&utm_campaign=imageinfo&utm_content=thumbnail,Kakidai,CC BY-SA 4.0,https://creativecommons.org/licenses/by-sa/4.0,True
杉本寺,"File:Sugimotodera, Main Hall 001.jpg",https://upload.wikimedia.org/wikipedia/commons/thumb/a/aa/Sugimotodera%2C_Main_Hall_001.jpg/500px-Sugimotodera%2C_Main_Hall_001.jpg?utm_source=commons.wikimedia.org&utm_campaign=imageinfo&utm_content=thumbnail,Naokijp,CC BY-SA 4.0,https://creativecommons.org/licenses/by-sa/4.0,True
杉本寺,File:Kamakura photowalk 2012 - Sugimoto-ji temple (8188641915).jpg,https://upload.wikimedia.org/wikipedia/commons/thumb/b/b9/Kamakura_photowalk_2012_-_Sugimoto-ji_temple_%288188641915%29.jpg/500px-Kamakura_photowalk_2012_-_Sugimoto-ji_temple_%288188641915%29.jpg?utm_source=commons.wikimedia.org&utm_campaign=imageinfo&utm_content=thumbnail,Takashi Hososhima,CC BY-SA 2.0,https://creativecommons.org/licenses/by-sa/2.0,True
杉本寺,File:Kamakura photowalk 2012 - Votive tablets at Sugimoto-ji temple (8185995781).jpg,https://upload.wikimedia.org/wikipedia/commons/thumb/2/2e/Kamakura_photowalk_2012_-_Votive_tablets_at_Sugimoto-ji_temple_%288185995781%29.jpg/500px-Kamakura_photowalk_2012_-_Votive_tablets_at_Sugimoto-ji_temple_%288185995781%29.jpg?utm_source=commons.wikimedia.org&utm_campaign=imageinfo&utm_content=thumbnail,Takashi Hososhima,CC BY-SA 2.0,https://creativecommons.org/licenses/by-sa/2.0,True
浄妙寺,"File:Jōmyō-ji, Main Hall 001.jpg",https://upload.wikimedia.org/wikipedia/commons/thumb/4/4a/J%C5%8Dmy%C5%8D-ji%2C_Main_Hall_001.jpg/500px-J%C5%8Dmy%C5%8D-ji%2C_Main_Hall_001.jpg?utm_source=commons.wikimedia.org&utm_campaign=imageinfo&utm_content=thumbnail,Naokijp,CC BY-SA 4.0,https://creativecommons.org/licenses/by-sa/4.0,True
浄妙寺,"File:Jōmyō-ji, Stone Monument 001.jpg",https://upload.wikimedia.org/wikipedia/commons/thumb/d/de/J%C5%8Dmy%C5%8D-ji%2C_Stone_Monument_001.jpg/500px-J%C5%8Dmy%C5%8D-ji%2C_Stone_Monument_001.jpg?utm_source=commons.wikimedia.org&utm_campaign=imageinfo&utm_content=thumbnail,Naokijp,CC BY-SA 4.0,https://creativecommons.org/licenses/by-sa/4.0,True
浄妙寺,"File:Jōmyō-ji, Traditional Japanese garden 002.jpg",https://upload.wikimedia.org/wikipedia/commons/thumb/3/3a/J%C5%8Dmy%C5%8D-ji%2C_Traditional_Japanese_garden_002.jpg/500px-J%C5%8Dmy%C5%8D-ji%2C_Traditional_Japanese_garden_002.jpg?utm_source=commons.wikimedia.org&utm_campaign=imageinfo&utm_content=thumbnail,Naokijp,CC BY-SA 4.0,https://creativecommons.org/licenses/by-sa/4.0,True
瑞泉寺,File:Zuisenji Main Hall Kamakura.jpg,https://upload.wikimedia.org/wikipedia/commons/thumb/1/16/Zuisenji_Main_Hall_Kamakura.jpg/500px-Zuisenji_Main_Hall_Kamakura.jpg?utm_source=commons.wikimedia.org&utm_campaign=imageinfo&utm_content=thumbnail,Urashimataro,Public domain,,True
瑞泉寺,File:Zuisen-ji Roofs Kamakura.jpg,https://upload.wikimedia.org/wikipedia/commons/thumb/d/de/Zuisen-ji_Roofs_Kamakura.jpg/500px-Zuisen-ji_Roofs_Kamakura.jpg?utm_source=commons.wikimedia.org&utm_campaign=imageinfo&utm_content=thumbnail,Tarourashima,Public domain,,True
瑞泉寺,File:Tsushima Zuisen-ji 1938.jpg,https://upload.wikimedia.org/wikipedia/commons/thumb/9/9a/Tsushima_Zuisen-ji_1938.jpg/500px-Tsushima_Zuisen-ji_1938.jpg?utm_source=commons.wikimedia.org&utm_campaign=imageinfo&utm_content=thumbnail,津島町,Public domain,,True
高徳院,File:Kamakura Budda Daibutsu front 1885.jpg,https://upload.wikimedia.org/wikipedia/commons/thumb/5/5d/Kamakura_Budda_Daibutsu_front_1885.jpg/500px-Kamakura_Budda_Daibutsu_front_1885.jpg?utm_source=commons.wikimedia.org&utm_campaign=imageinfo&utm_content=thumbnail,Dirk Beyer,CC BY-SA 3.0,http://creativecommons.org/licenses/by-sa/3.0/,True
高徳院,File:高徳院鎌倉大仏20190626-P1030418.jpg,https://upload.wikimedia.org/wikipedia/commons/thumb/b/b2/%E9%AB%98%E5%BE%B3%E9%99%A2%E9%8E%8C%E5%80%89%E5%A4%A7%E4%BB%8F20190626-P1030418.jpg/500px-%E9%AB%98%E5%BE%B3%E9%99%A2%E9%8E%8C%E5%80%89%E5%A4%A7%E4%BB%8F20190626-P1030418.jpg?utm_source=commons.wikimedia.org&utm_campaign=imageinfo&utm_content=thumbnail,くろふね,CC BY 4.0,https://creativecommons.org/licenses/by/4.0,True
高徳院,File:The Great Buddha of Kōtoku-in (Kamakura Daibutsu).jpg,https://upload.wikimedia.org/wikipedia/commons/thumb/c/c1/The_Great_Buddha_of_K%C5%8Dtoku-in_%28Kamakura_Daibutsu%29.jpg/500px-The_Great_Buddha_of_K%C5%8Dtoku-in_%28Kamakura_Daibutsu%29.jpg?utm_source=commons.wikimedia.org&utm_campaign=imageinfo&utm_content=thumbnail,Dandy1022,CC BY-SA 3.0,https://creativecommons.org/licenses/by-sa/3.0,True
長谷寺,File:Hase-dera.jpg,https://upload.wikimedia.org/wikipedia/commons/thumb/7/7e/Hase-dera.jpg/500px-Hase-dera.jpg?utm_source=commons.wikimedia.org&utm_campaign=imageinfo&utm_content=thumbnail,Bernard Gagnon,CC BY-SA 3.0,https://creativecommons.org/licenses/by-sa/3.0,True
長谷寺,"File:Hase-dera Temple, Kamakura, Japan (14645090803).jpg",https://upload.wikimedia.org/wikipedia/commons/thumb/a/a1/Hase-dera_Temple%2C_Kamakura%2C_Japan_%2814645090803%29.jpg/500px-Hase-dera_Temple%2C_Kamakura%2C_Japan_%2814645090803%29.jpg?utm_source=commons.wikimedia.org&utm_campaign=imageinfo&utm_content=thumbnail,Mustang Joe,CC0,http://creativecommons.org/publicdomain/zero/1.0/deed.en,True
長谷寺,File:230128 Hasedera Kamakura Kanagawa pref Japan04s3.jpg,https://upload.wikimedia.org/wikipedia/commons/thumb/6/60/230128_Hasedera_Kamakura_Kanagawa_pref_Japan04s3.jpg/500px-230128_Hasedera_Kamakura_Kanagawa_pref_Japan04s3.jpg?utm_source=commons.wikimedia.org&utm_campaign=imageinfo&utm_content=thumbnail,663highland,CC BY-SA 4.0,https://creativecommons.org/licenses/by-sa/4.0,True
御霊神社,File:Goryou jinnja 002.jpg,https://upload.wikimedia.org/wikipedia/commons/thumb/c/cb/Goryou_jinnja_002.jpg/500px-Goryou_jinnja_002.jpg?utm_source=commons.wikimedia.org&utm_campaign=imageinfo&utm_content=thumbnail,Ocdp,CC0,http://creativecommons.org/publicdomain/zero/1.0/deed.en,True
御霊神社,File:Goryou jinnja 501.jpg,https://upload.wikimedia.org/wikipedia/commons/thumb/1/1c/Goryou_jinnja_501.jpg/500px-Goryou_jinnja_501.jpg?utm_source=commons.wikimedia.org&utm_campaign=imageinfo&utm_content=thumbnail,Ocdp,CC BY-SA 4.0,https://creativecommons.org/licenses/by-sa/4.0,True
御霊神社,"File:Goryō jinja (Nakai, Shinjuku) 02.jpg",https://upload.wikimedia.org/wikipedia/commons/thumb/0/0c/Gory%C5%8D_jinja_%28Nakai%2C_Shinjuku%29_02.jpg/500px-Gory%C5%8D_jinja_%28Nakai%2C_Shinjuku%29_02.jpg?utm_source=commons.wikimedia.org&utm_campaign=imageinfo&utm_content=thumbnail,Higa4,CC0,http://creativecommons.org/publicdomain/zero/1.0/deed.en,True
鎌倉文学館,File:バラ園の盛り - 鎌倉文学館で撮影Pcs34560 IMG1629.jpg,https://upload.wikimedia.org/wikipedia/commons/thumb/1/1e/%E3%83%90%E3%83%A9%E5%9C%92%E3%81%AE%E7%9B%9B%E3%82%8A_-_%E9%8E%8C%E5%80%89%E6%96%87%E5%AD%A6%E9%A4%A8%E3%81%A7%E6%92%AE%E5%BD%B1Pcs34560_IMG1629.jpg/500px-%E3%83%90%E3%83%A9%E5%9C%92%E3%81%AE%E7%9B%9B%E3%82%8A_-_%E9%8E%8C%E5%80%89%E6%96%87%E5%AD%A6%E9%A4%A8%E3%81%A7%E6%92%AE%E5%BD%B1Pcs34560_IMG1629.jpg?utm_source=commons.wikimedia.org&utm_campaign=imageinfo&utm_content=thumbnail,pcs34560,Public domain,,True
鎌倉文学館,File:鎌倉文学館にある「招鶴洞」 Pcs34560 IMG1659.jpg,https://upload.wikimedia.org/wikipedia/commons/thumb/e/ed/%E9%8E%8C%E5%80%89%E6%96%87%E5%AD%A6%E9%A4%A8%E3%81%AB%E3%81%82%E3%82%8B%E3%80%8C%E6%8B%9B%E9%B6%B4%E6%B4%9E%E3%80%8D_Pcs34560_IMG1659.jpg/500px-%E9%8E%8C%E5%80%89%E6%96%87%E5%AD%A6%E9%A4%A8%E3%81%AB%E3%81%82%E3%82%8B%E3%80%8C%E6%8B%9B%E9%B6%B4%E6%B4%9E%E3%80%8D_Pcs34560_IMG1659.jpg?utm_source=commons.wikimedia.org&utm_campaign=imageinfo&utm_content=thumbnail,pcs34560,Public domain,,True
鎌倉文学館,File:鎌倉文学館の庭園灯の柱に書かれた、高浜虚子の句 Pcs34560 IMG6496.jpg,https://upload.wikimedia.org/wikipedia/commons/thumb/e/ec/%E9%8E%8C%E5%80%89%E6%96%87%E5%AD%A6%E9%A4%A8%E3%81%AE%E5%BA%AD%E5%9C%92%E7%81%AF%E3%81%AE%E6%9F%B1%E3%81%AB%E6%9B%B8%E3%81%8B%E3%82%8C%E3%81%9F%E3%80%81%E9%AB%98%E6%B5%9C%E8%99%9A%E5%AD%90%E3%81%AE%E5%8F%A5_Pcs34560_IMG6496.jpg/500px-%E9%8E%8C%E5%80%89%E6%96%87%E5%AD%A6%E9%A4%A8%E3%81%AE%E5%BA%AD%E5%9C%92%E7%81%AF%E3%81%AE%E6%9F%B1%E3%81%AB%E6%9B%B8%E3%81%8B%E3%82%8C%E3%81%9F%E3%80%81%E9%AB%98%E6%B5%9C%E8%99%9A%E5%AD%90%E3%81%AE%E5%8F%A5_Pcs34560_IMG6496.jpg?utm_source=commons.wikimedia.org&utm_campaign=imageinfo&utm_content=thumbnail,Pcs34560,Public domain,,True
光則寺,File:Kosokuji20120716.jpg,https://upload.wikimedia.org/wikipedia/commons/thumb/d/d5/Kosokuji20120716.jpg/500px-Kosokuji20120716.jpg?utm_source=commons.wikimedia.org&utm_campaign=imageinfo&utm_content=thumbnail,三人日,CC BY-SA 3.0,https://creativecommons.org/licenses/by-sa/3.0,True
光則寺,"File:Kōsoku-ji Jūniso Kamakura, Main hall (2016-10-15).jpg",https://upload.wikimedia.org/wikipedia/commons/thumb/b/b3/K%C5%8Dsoku-ji_J%C5%ABniso_Kamakura%2C_Main_hall_%282016-10-15%29.jpg/500px-K%C5%8Dsoku-ji_J%C5%ABniso_Kamakura%2C_Main_hall_%282016-10-15%29.jpg?utm_source=commons.wikimedia.org&utm_campaign=imageinfo&utm_content=thumbnail,Twkz0731,CC BY-SA 4.0,https://creativecommons.org/licenses/by-sa/4.0,True
光則寺,"File:Kōsoku-ji Jūniso Kamakura, Shioname-jizō (2016-10-15).jpg",https://upload.wikimedia.org/wikipedia/commons/thumb/1/11/K%C5%8Dsoku-ji_J%C5%ABniso_Kamakura%2C_Shioname-jiz%C5%8D_%282016-10-15%29.jpg/500px-K%C5%8Dsoku-ji_J%C5%ABniso_Kamakura%2C_Shioname-jiz%C5%8D_%282016-10-15%29.jpg?utm_source=commons.wikimedia.org&utm_campaign=imageinfo&utm_content=thumbnail,Twkz0731,CC BY-SA 4.0,https://creativecommons.org/licenses/by-sa/4.0,True
極楽寺,File:Gokuraku-ji Kochi ac (1).jpg,https://upload.wikimedia.org/wikipedia/commons/thumb/d/dc/Gokuraku-ji_Kochi_ac_%281%29.jpg/500px-Gokuraku-ji_Kochi_ac_%281%29.jpg?utm_source=commons.wikimedia.org&utm_campaign=imageinfo&utm_content=thumbnail,Asturio Cantabrio,CC BY-SA 4.0,https://creativecommons.org/licenses/by-sa/4.0,True
極楽寺,File:Gokuraku-ji Kochi ac (3).jpg,https://upload.wikimedia.org/wikipedia/commons/thumb/4/43/Gokuraku-ji_Kochi_ac_%283%29.jpg/500px-Gokuraku-ji_Kochi_ac_%283%29.jpg?utm_source=commons.wikimedia.org&utm_campaign=imageinfo&utm_content=thumbnail,Asturio Cantabrio,CC BY-SA 4.0,https://creativecommons.org/licenses/by-sa/4.0,True
極楽寺,File:Gokuraku-ji Osu ac.jpg,https://upload.wikimedia.org/wikipedia/commons/thumb/8/80/Gokuraku-ji_Osu_ac.jpg/500px-Gokuraku-ji_Osu_ac.jpg?utm_source=commons.wikimedia.org&utm_campaign=imageinfo&utm_content=thumbnail,Asturio Cantabrio,CC BY-SA 4.0,https://creativecommons.org/licenses/by-sa/4.0,True
成就院,File:Kamakura Joju-in 01.jpg,https://upload.wikimedia.org/wikipedia/commons/thumb/7/7e/Kamakura_Joju-in_01.jpg/500px-Kamakura_Joju-in_01.jpg?utm_source=commons.wikimedia.org&utm_campaign=imageinfo&utm_content=thumbnail,Yones,Public domain,,True
成就院,File:蒸夏の紫陽花 鎌倉の成就院で撮影 Pcs34560 IMG 3116.jpg,https://upload.wikimedia.org/wikipedia/commons/thumb/7/79/%E8%92%B8%E5%A4%8F%E3%81%AE%E7%B4%AB%E9%99%BD%E8%8A%B1_%E9%8E%8C%E5%80%89%E3%81%AE%E6%88%90%E5%B0%B1%E9%99%A2%E3%81%A7%E6%92%AE%E5%BD%B1_Pcs34560_IMG_3116.jpg/500px-%E8%92%B8%E5%A4%8F%E3%81%AE%E7%B4%AB%E9%99%BD%E8%8A%B1_%E9%8E%8C%E5%80%89%E3%81%AE%E6%88%90%E5%B0%B1%E9%99%A2%E3%81%A7%E6%92%AE%E5%BD%B1_Pcs34560_IMG_3116.jpg?utm_source=commons.wikimedia.org&utm_campaign=imageinfo&utm_content=thumbnail,Pcs34560,Public domain,,True
成就院,"File:View from Jyojyuin Temple, Kamakura - panoramio.jpg",https://upload.wikimedia.org/wikipedia/commons/thumb/2/2f/View_from_Jyojyuin_Temple%2C_Kamakura_-_panoramio.jpg/500px-View_from_Jyojyuin_Temple%2C_Kamakura_-_panoramio.jpg?utm_source=commons.wikimedia.org&utm_campaign=imageinfo&utm_content=thumbnail,Koichi Shibata,CC BY-SA 3.0,https://creativecommons.org/licenses/by-sa/3.0,True
稲村ヶ崎,File:Inamuragasaki - 01.jpg,https://upload.wikimedia.org/wikipedia/commons/thumb/1/16/Inamuragasaki_-_01.jpg/500px-Inamuragasaki_-_01.jpg?utm_source=commons.wikimedia.org&utm_campaign=imageinfo&utm_content=thumbnail,Quercus acuta,CC0,http://creativecommons.org/publicdomain/zero/1.0/deed.en,True
稲村ヶ崎,File:Mt. Fuji from Inamuragasaki.jpg,https://upload.wikimedia.org/wikipedia/commons/thumb/e/e4/Mt._Fuji_from_Inamuragasaki.jpg/500px-Mt._Fuji_from_Inamuragasaki.jpg?utm_source=commons.wikimedia.org&utm_campaign=imageinfo&utm_content=thumbnail,Quercus acuta,CC BY-SA 4.0,https://creativecommons.org/licenses/by-sa/4.0,True
稲村ヶ崎,File:Inamuragasaki-sta-building2018.jpg,https://upload.wikimedia.org/wikipedia/commons/thumb/4/4d/Inamuragasaki-sta-building2018.jpg/500px-Inamuragasaki-sta-building2018.jpg?utm_source=commons.wikimedia.org&utm_campaign=imageinfo&utm_content=thumbnail,Kansai-good,CC BY-SA 4.0,https://creativecommons.org/licenses/by-sa/4.0,True
七里ヶ浜,File:Shichirigahama from Inamuragasaki.jpg,https://upload.wikimedia.org/wikipedia/commons/thumb/f/fb/Shichirigahama_from_Inamuragasaki.jpg/500px-Shichirigahama_from_Inamuragasaki.jpg?utm_source=commons.wikimedia.org&utm_campaign=imageinfo&utm_content=thumbnail,Urashimataro,Public domain,,True
七里ヶ浜,File:Enoden-EN09-Shichirigahama-station-building-20200315-140340.jpg,https://upload.wikimedia.org/wikipedia/commons/thumb/8/8c/Enoden-EN09-Shichirigahama-station-building-20200315-140340.jpg/500px-Enoden-EN09-Shichirigahama-station-building-20200315-140340.jpg?utm_source=commons.wikimedia.org&utm_campaign=imageinfo&utm_content=thumbnail,LERK,CC BY-SA 4.0,https://creativecommons.org/licenses/by-sa/4.0,True
七里ヶ浜,File:Shichirigahama zu LCCN2009615426.tif,https://upload.wikimedia.org/wikipedia/commons/thumb/f/ff/Shichirigahama_zu_LCCN2009615426.tif/lossy-page1-500px-Shichirigahama_zu_LCCN2009615426.tif.jpg?utm_source=commons.wikimedia.org&utm_campaign=imageinfo&utm_content=thumbnail,"Tani, Bunchō, 1763-1840 or 1841, artist",Public domain,,True
鎌倉高校前駅,File:鎌倉高校前駅20190626-P1030495.jpg,https://upload.wikimedia.org/wikipedia/commons/thumb/f/f6/%E9%8E%8C%E5%80%89%E9%AB%98%E6%A0%A1%E5%89%8D%E9%A7%8520190626-P1030495.jpg/500px-%E9%8E%8C%E5%80%89%E9%AB%98%E6%A0%A1%E5%89%8D%E9%A7%8520190626-P1030495.jpg?utm_source=commons.wikimedia.org&utm_campaign=imageinfo&utm_content=thumbnail,くろふね,CC BY 4.0,https://creativecommons.org/licenses/by/4.0,True
鎌倉高校前駅,File:鎌倉高校前駅20190626-P1030485.jpg,https://upload.wikimedia.org/wikipedia/commons/thumb/2/28/%E9%8E%8C%E5%80%89%E9%AB%98%E6%A0%A1%E5%89%8D%E9%A7%8520190626-P1030485.jpg/500px-%E9%8E%8C%E5%80%89%E9%AB%98%E6%A0%A1%E5%89%8D%E9%A7%8520190626-P1030485.jpg?utm_source=commons.wikimedia.org&utm_campaign=imageinfo&utm_content=thumbnail,くろふね,CC BY 4.0,https://creativecommons.org/licenses/by/4.0,True
鎌倉高校前駅,File:Enoden Kamakura-Kōkō-Mae Platform.jpg,https://upload.wikimedia.org/wikipedia/commons/thumb/e/e4/Enoden_Kamakura-K%C5%8Dk%C5%8D-Mae_Platform.jpg/500px-Enoden_Kamakura-K%C5%8Dk%C5%8D-Mae_Platform.jpg?utm_source=commons.wikimedia.org&utm_campaign=imageinfo&utm_content=thumbnail,S.fukasawa from ja.wikipedia.,CC BY-SA 3.0,http://creativecommons.org/licenses/by-sa/3.0/,True
銭洗弁財天宇賀福神社,File:Zeniarai Benten shrine.jpg,https://upload.wikimedia.org/wikipedia/commons/thumb/3/32/Zeniarai_Benten_shrine.jpg/500px-Zeniarai_Benten_shrine.jpg?utm_source=commons.wikimedia.org&utm_campaign=imageinfo&utm_content=thumbnail,Bernard Gagnon,CC BY-SA 3.0,https://creativecommons.org/licenses/by-sa/3.0,True
銭洗弁財天宇賀福神社,File:銭洗弁財天宇賀福神社 - panoramio (3).jpg,https://upload.wikimedia.org/wikipedia/commons/thumb/8/83/%E9%8A%AD%E6%B4%97%E5%BC%81%E8%B2%A1%E5%A4%A9%E5%AE%87%E8%B3%80%E7%A6%8F%E7%A5%9E%E7%A4%BE_-_panoramio_%283%29.jpg/500px-%E9%8A%AD%E6%B4%97%E5%BC%81%E8%B2%A1%E5%A4%A9%E5%AE%87%E8%B3%80%E7%A6%8F%E7%A5%9E%E7%A4%BE_-_panoramio_%283%29.jpg?utm_source=commons.wikimedia.org&utm_campaign=imageinfo&utm_content=thumbnail,comachiangel,CC BY 3.0,https://creativecommons.org/licenses/by/3.0,True
銭洗弁財天宇賀福神社,File:銭洗弁財天宇賀福神社 - panoramio (7).jpg,https://upload.wikimedia.org/wikipedia/commons/thumb/5/55/%E9%8A%AD%E6%B4%97%E5%BC%81%E8%B2%A1%E5%A4%A9%E5%AE%87%E8%B3%80%E7%A6%8F%E7%A5%9E%E7%A4%BE_-_panoramio_%287%29.jpg/500px-%E9%8A%AD%E6%B4%97%E5%BC%81%E8%B2%A1%E5%A4%A9%E5%AE%87%E8%B3%80%E7%A6%8F%E7%A5%9E%E7%A4%BE_-_panoramio_%287%29.jpg?utm_source=commons.wikimedia.org&utm_campaign=imageinfo&utm_content=thumbnail,comachiangel,CC BY 3.0,https://creativecommons.org/licenses/by/3.0,True
佐助稲荷神社,File:Sasuke Inari Shrine.jpg,https://upload.wikimedia.org/wikipedia/commons/thumb/2/20/Sasuke_Inari_Shrine.jpg/500px-Sasuke_Inari_Shrine.jpg?utm_source=commons.wikimedia.org&utm_campaign=imageinfo&utm_content=thumbnail,Houze from San Francisco,CC BY-SA 2.0,https://creativecommons.org/licenses/by-sa/2.0,True
佐助稲荷神社,File:Sasuke Inari Shrine stairs.jpg,https://upload.wikimedia.org/wikipedia/commons/thumb/2/24/Sasuke_Inari_Shrine_stairs.jpg/500px-Sasuke_Inari_Shrine_stairs.jpg?utm_source=commons.wikimedia.org&utm_campaign=imageinfo&utm_content=thumbnail,Houze from San Francisco,CC BY-SA 2.0,https://creativecommons.org/licenses/by-sa/2.0,True
佐助稲荷神社,File:Sasuke Inari Shrine details.jpg,https://upload.wikimedia.org/wikipedia/commons/thumb/9/99/Sasuke_Inari_Shrine_details.jpg/500px-Sasuke_Inari_Shrine_details.jpg?utm_source=commons.wikimedia.org&utm_campaign=imageinfo&utm_content=thumbnail,Houze from San Francisco,CC BY-SA 2.0,https://creativecommons.org/licenses/by-sa/2.0,True
寿福寺,"File:Jufuku-ji, Main Gate 001.jpg",https://upload.wikimedia.org/wikipedia/commons/thumb/f/f7/Jufuku-ji%2C_Main_Gate_001.jpg/500px-Jufuku-ji%2C_Main_Gate_001.jpg?utm_source=commons.wikimedia.org&utm_campaign=imageinfo&utm_content=thumbnail,Naokijp,CC BY-SA 4.0,https://creativecommons.org/licenses/by-sa/4.0,True
寿福寺,"File:Jufuku-ji, Main Hall 001.jpg",https://upload.wikimedia.org/wikipedia/commons/thumb/6/6e/Jufuku-ji%2C_Main_Hall_001.jpg/500px-Jufuku-ji%2C_Main_Hall_001.jpg?utm_source=commons.wikimedia.org&utm_campaign=imageinfo&utm_content=thumbnail,Naokijp,CC BY-SA 4.0,https://creativecommons.org/licenses/by-sa/4.0,True
寿福寺,"File:Jufuku-ji, Sandō and Middle Gate 001.jpg",https://upload.wikimedia.org/wikipedia/commons/thumb/5/57/Jufuku-ji%2C_Sand%C5%8D_and_Middle_Gate_001.jpg/500px-Jufuku-ji%2C_Sand%C5%8D_and_Middle_Gate_001.jpg?utm_source=commons.wikimedia.org&utm_campaign=imageinfo&utm_content=thumbnail,Naokijp,CC BY-SA 4.0,https://creativecommons.org/licenses/by-sa/4.0,True
葛原岡神社,File:Kuzuharaoka Shrine.jpg,https://upload.wikimedia.org/wikipedia/commons/thumb/7/78/Kuzuharaoka_Shrine.jpg/500px-Kuzuharaoka_Shrine.jpg?utm_source=commons.wikimedia.org&utm_campaign=imageinfo&utm_content=thumbnail,Akonnchiroll,CC BY-SA 4.0,https://creativecommons.org/licenses/by-sa/4.0,True
葛原岡神社,File:Kuzuharaoka Shrine @ Kamakura (13897668721).jpg,https://upload.wikimedia.org/wikipedia/commons/thumb/9/96/Kuzuharaoka_Shrine_%40_Kamakura_%2813897668721%29.jpg/500px-Kuzuharaoka_Shrine_%40_Kamakura_%2813897668721%29.jpg?utm_source=commons.wikimedia.org&utm_campaign=imageinfo&utm_content=thumbnail,"Guilhem Vellut from Annecy, France",CC BY 2.0,https://creativecommons.org/licenses/by/2.0,True
葛原岡神社,File:Kuzuharaoka Shrine @ Kamakura (13921249684).jpg,https://upload.wikimedia.org/wikipedia/commons/thumb/2/20/Kuzuharaoka_Shrine_%40_Kamakura_%2813921249684%29.jpg/500px-Kuzuharaoka_Shrine_%40_Kamakura_%2813921249684%29.jpg?utm_source=commons.wikimedia.org&utm_campaign=imageinfo&utm_content=thumbnail,"Guilhem Vellut from Annecy, France",CC BY 2.0,https://creativecommons.org/licenses/by/2.0,True
妙本寺,File:Myōhon-ji temple (Kamakura) 01.jpg,https://upload.wikimedia.org/wikipedia/commons/thumb/6/69/My%C5%8Dhon-ji_temple_%28Kamakura%29_01.jpg/500px-My%C5%8Dhon-ji_temple_%28Kamakura%29_01.jpg?utm_source=commons.wikimedia.org&utm_campaign=imageinfo&utm_content=thumbnail,Davide Mauro,CC BY-SA 4.0,https://creativecommons.org/licenses/by-sa/4.0,True
妙本寺,File:Myōhon-ji temple (Kamakura) 05.jpg,https://upload.wikimedia.org/wikipedia/commons/thumb/c/c6/My%C5%8Dhon-ji_temple_%28Kamakura%29_05.jpg/500px-My%C5%8Dhon-ji_temple_%28Kamakura%29_05.jpg?utm_source=commons.wikimedia.org&utm_campaign=imageinfo&utm_content=thumbnail,Davide Mauro,CC BY-SA 4.0,https://creativecommons.org/licenses/by-sa/4.0,True
妙本寺,File:Myōhon-ji temple (Kamakura) 06.jpg,https://upload.wikimedia.org/wikipedia/commons/thumb/9/9c/My%C5%8Dhon-ji_temple_%28Kamakura%29_06.jpg/500px-My%C5%8Dhon-ji_temple_%28Kamakura%29_06.jpg?utm_source=commons.wikimedia.org&utm_campaign=imageinfo&utm_content=thumbnail,Davide Mauro,CC BY-SA 4.0,https://creativecommons.org/licenses/by-sa/4.0,True
安国論寺,File:Ankokuron-ji-Kamakura-Buddha2.jpg,https://upload.wikimedia.org/wikipedia/commons/thumb/c/cc/Ankokuron-ji-Kamakura-Buddha2.jpg/500px-Ankokuron-ji-Kamakura-Buddha2.jpg?utm_source=commons.wikimedia.org&utm_campaign=imageinfo&utm_content=thumbnail,Tarourashima,Public domain,,True
安国論寺,File:車大路・大町大路合流点（安国論寺付近）.jpg,https://upload.wikimedia.org/wikipedia/commons/thumb/6/6e/%E8%BB%8A%E5%A4%A7%E8%B7%AF%E3%83%BB%E5%A4%A7%E7%94%BA%E5%A4%A7%E8%B7%AF%E5%90%88%E6%B5%81%E7%82%B9%EF%BC%88%E5%AE%89%E5%9B%BD%E8%AB%96%E5%AF%BA%E4%BB%98%E8%BF%91%EF%BC%89.jpg/500px-%E8%BB%8A%E5%A4%A7%E8%B7%AF%E3%83%BB%E5%A4%A7%E7%94%BA%E5%A4%A7%E8%B7%AF%E5%90%88%E6%B5%81%E7%82%B9%EF%BC%88%E5%AE%89%E5%9B%BD%E8%AB%96%E5%AF%BA%E4%BB%98%E8%BF%91%EF%BC%89.jpg?utm_source=commons.wikimedia.org&utm_campaign=imageinfo&utm_content=thumbnail,鎌倉主,CC BY-SA 4.0,https://creativecommons.org/licenses/by-sa/4.0,True
安国論寺,"File:Ankokuron-ji,-Gate.jpg",https://upload.wikimedia.org/wikipedia/commons/thumb/c/cd/Ankokuron-ji%2C-Gate.jpg/500px-Ankokuron-ji%2C-Gate.jpg?utm_source=commons.wikimedia.org&utm_campaign=imageinfo&utm_content=thumbnail,Urashimataro,Public domain,,True
光明寺,File:Komyo-ji Main Hall.jpg,https://upload.wikimedia.org/wikipedia/commons/thumb/7/7b/Komyo-ji_Main_Hall.jpg/500px-Komyo-ji_Main_Hall.jpg?utm_source=commons.wikimedia.org&utm_campaign=imageinfo&utm_content=thumbnail,Urashimataro,Public domain,,True
光明寺,File:Henjōzan Kōmyō-ji Temple 20220505 01.jpg,https://upload.wikimedia.org/wikipedia/commons/thumb/0/02/Henj%C5%8Dzan_K%C5%8Dmy%C5%8D-ji_Temple_20220505_01.jpg/500px-Henj%C5%8Dzan_K%C5%8Dmy%C5%8D-ji_Temple_20220505_01.jpg?utm_source=commons.wikimedia.org&utm_campaign=imageinfo&utm_content=thumbnail,先従隗始,CC0,http://creativecommons.org/publicdomain/zero/1.0/deed.en,True
光明寺,File:Henjōzan Kōmyō-ji Temple 20220324 02.jpg,https://upload.wikimedia.org/wikipedia/commons/thumb/7/72/Henj%C5%8Dzan_K%C5%8Dmy%C5%8D-ji_Temple_20220324_02.jpg/500px-Henj%C5%8Dzan_K%C5%8Dmy%C5%8D-ji_Temple_20220324_02.jpg?utm_source=commons.wikimedia.org&utm_campaign=imageinfo&utm_content=thumbnail,先従隗始,CC0,http://creativecommons.org/publicdomain/zero/1.0/deed.en,True
由比ヶ浜,File:Enoden-EN13-Yuigahama-station-entrance-20200315-150834.jpg,https://upload.wikimedia.org/wikipedia/commons/thumb/6/63/Enoden-EN13-Yuigahama-station-entrance-20200315-150834.jpg/500px-Enoden-EN13-Yuigahama-station-entrance-20200315-150834.jpg?utm_source=commons.wikimedia.org&utm_campaign=imageinfo&utm_content=thumbnail,LERK,CC BY-SA 4.0,https://creativecommons.org/licenses/by-sa/4.0,True
由比ヶ浜,File:Yuigahama Station (DSCN1164).jpg,https://upload.wikimedia.org/wikipedia/commons/thumb/b/bc/Yuigahama_Station_%28DSCN1164%29.jpg/500px-Yuigahama_Station_%28DSCN1164%29.jpg?utm_source=commons.wikimedia.org&utm_campaign=imageinfo&utm_content=thumbnail,Northwest,CC BY-SA 4.0,https://creativecommons.org/licenses/by-sa/4.0,True
由比ヶ浜,File:Enoden-Yuigahama-station-entrance.jpg,https://upload.wikimedia.org/wikipedia/commons/thumb/2/24/Enoden-Yuigahama-station-entrance.jpg/500px-Enoden-Yuigahama-station-entrance.jpg?utm_source=commons.wikimedia.org&utm_campaign=imageinfo&utm_content=thumbnail,LERK,CC BY 3.0,https://creativecommons.org/licenses/by/3.0,True
荏柄天神社,File:Egara Tenjinsha Haiden.jpg,https://upload.wikimedia.org/wikipedia/commons/thumb/2/23/Egara_Tenjinsha_Haiden.jpg/500px-Egara_Tenjinsha_Haiden.jpg?utm_source=commons.wikimedia.org&utm_campaign=imageinfo&utm_content=thumbnail,Urashimataro,Public domain,,True
荏柄天神社,File:荏柄天神社 - panoramio.jpg,https://upload.wikimedia.org/wikipedia/commons/thumb/5/55/%E8%8D%8F%E6%9F%84%E5%A4%A9%E7%A5%9E%E7%A4%BE_-_panoramio.jpg/500px-%E8%8D%8F%E6%9F%84%E5%A4%A9%E7%A5%9E%E7%A4%BE_-_panoramio.jpg?utm_source=commons.wikimedia.org&utm_campaign=imageinfo&utm_content=thumbnail,comachiangel,CC BY 3.0,https://creativecommons.org/licenses/by/3.0,True
荏柄天神社,File:荏柄天神社本殿 - panoramio.jpg,https://upload.wikimedia.org/wikipedia/commons/thumb/c/ca/%E8%8D%8F%E6%9F%84%E5%A4%A9%E7%A5%9E%E7%A4%BE%E6%9C%AC%E6%AE%BF_-_panoramio.jpg/500px-%E8%8D%8F%E6%9F%84%E5%A4%A9%E7%A5%9E%E7%A4%BE%E6%9C%AC%E6%AE%BF_-_panoramio.jpg?utm_source=commons.wikimedia.org&utm_campaign=imageinfo&utm_content=thumbnail,comachiangel,CC BY 3.0,https://creativecommons.org/licenses/by/3.0,True
半僧坊,"File:Hansobo Shrine, Kencho-ji, Kamakura - Mar 11, 2017 (3).jpg",https://upload.wikimedia.org/wikipedia/commons/thumb/b/bc/Hansobo_Shrine%2C_Kencho-ji%2C_Kamakura_-_Mar_11%2C_2017_%283%29.jpg/500px-Hansobo_Shrine%2C_Kencho-ji%2C_Kamakura_-_Mar_11%2C_2017_%283%29.jpg?utm_source=commons.wikimedia.org&utm_campaign=imageinfo&utm_content=thumbnail,redlegsfan21,CC BY-SA 2.0,https://creativecommons.org/licenses/by-sa/2.0,True
半僧坊,"File:Hansobo Shrine, Kencho-ji, Kamakura - Mar 11, 2017 (1).jpg",https://upload.wikimedia.org/wikipedia/commons/thumb/8/8c/Hansobo_Shrine%2C_Kencho-ji%2C_Kamakura_-_Mar_11%2C_2017_%281%29.jpg/500px-Hansobo_Shrine%2C_Kencho-ji%2C_Kamakura_-_Mar_11%2C_2017_%281%29.jpg?utm_source=commons.wikimedia.org&utm_campaign=imageinfo&utm_content=thumbnail,redlegsfan21,CC BY-SA 2.0,https://creativecommons.org/licenses/by-sa/2.0,True
半僧坊,"File:Hansobo Shrine, Kencho-ji, Kamakura - Mar 11, 2017 (2).jpg",https://upload.wikimedia.org/wikipedia/commons/thumb/e/e7/Hansobo_Shrine%2C_Kencho-ji%2C_Kamakura_-_Mar_11%2C_2017_%282%29.jpg/500px-Hansobo_Shrine%2C_Kencho-ji%2C_Kamakura_-_Mar_11%2C_2017_%282%29.jpg?utm_source=commons.wikimedia.org&utm_campaign=imageinfo&utm_content=thumbnail,redlegsfan21,CC BY-SA 2.0,https://creativecommons.org/licenses/by-sa/2.0,True
